time_s,hip_cmd_rad,hip_actual_rad,hip_error_rad,hip_actual_deg,hip_error_deg,hip_velocity_rad_s,hip_effort,knee_cmd_rad,knee_actual_rad,knee_error_rad,knee_actual_deg,knee_error_deg,knee_velocity_rad_s,knee_effort
0.0009884834289550781,0.0,0.4999999999949873,-0.4999999999949873,28.647889756253953,-28.647889756253953,2.4778790130852713e-14,1.0722714699817621,1.5708,1.5707999999917532,8.246736626915663e-12,90.0002104586772,4.725032034782201e-10,8.931744233109384e-14,0.18699650624483644
0.0011701583862304688,0.0,0.4999999999949873,-0.4999999999949873,28.647889756253953,-28.647889756253953,2.477532068390076e-14,1.072271469981762,1.5708,1.5707999999917532,8.246736626915663e-12,90.0002104586772,4.725032034782201e-10,8.931744233109384e-14,0.18699650624483638
0.0012774467468261719,0.0,0.4999999999949873,-0.4999999999949873,28.647889756253953,-28.647889756253953,2.4782259577804666e-14,1.0722714699817624,1.5708,1.5707999999917532,8.246736626915663e-12,90.0002104586772,4.725032034782201e-10,8.930356454328603e-14,0.18699650624483644
0.0015039443969726562,0.0,0.4999999999949873,-0.4999999999949873,28.647889756253953,-28.647889756253953,2.4778790130852713e-14,1.0722714699817621,1.5708,1.5707999999917532,8.246736626915663e-12,90.0002104586772,4.725032034782201e-10,8.931744233109384e-14,0.18699650624483644
0.001626729965209961,0.0,0.4999999999949873,-0.4999999999949873,28.647889756253953,-28.647889756253953,2.477532068390076e-14,1.072271469981762,1.5708,1.5707999999917532,8.246736626915663e-12,90.0002104586772,4.725032034782201e-10,8.931744233109384e-14,0.18699650624483638
0.0018177032470703125,0.0,0.4999999999949873,-0.4999999999949873,28.647889756253953,-28.647889756253953,2.4782259577804666e-14,1.0722714699817624,1.5708,1.5707999999917532,8.246736626915663e-12,90.0002104586772,4.725032034782201e-10,8.930356454328603e-14,0.18699650624483644
0.0019516944885253906,0.0,0.4999999999949873,-0.4999999999949873,28.647889756253953,-28.647889756253953,2.4778790130852713e-14,1.0722714699817621,1.5708,1.5707999999917532,8.246736626915663e-12,90.0002104586772,4.725032034782201e-10,8.931744233109384e-14,0.18699650624483644
0.0032453536987304688,0.0,0.4999999999949873,-0.4999999999949873,28.647889756253953,-28.647889756253953,2.477532068390076e-14,1.072271469981762,1.5708,1.5707999999917532,8.246736626915663e-12,90.0002104586772,4.725032034782201e-10,8.931744233109384e-14,0.18699650624483638
0.007520198822021484,0.0,0.4999999999949873,-0.4999999999949873,28.647889756253953,-28.647889756253953,2.4782259577804666e-14,1.0722714699817624,1.5708,1.5707999999917532,8.246736626915663e-12,90.0002104586772,4.725032034782201e-10,8.930356454328603e-14,0.18699650624483644
0.009826183319091797,0.0,0.4999999999949873,-0.4999999999949873,28.647889756253953,-28.647889756253953,2.4778790130852713e-14,1.0722714699817621,1.5708,1.5707999999917532,8.246736626915663e-12,90.0002104586772,4.725032034782201e-10,8.931744233109384e-14,0.18699650624483644
0.010021209716796875,0.0,0.4999999999949873,-0.4999999999949873,28.647889756253953,-28.647889756253953,2.477532068390076e-14,1.072271469981762,1.5708,1.5707999999917532,8.246736626915663e-12,90.0002104586772,4.725032034782201e-10,8.931744233109384e-14,0.18699650624483638
0.030741214752197266,0.0,0.4999999999949873,-0.4999999999949873,28.647889756253953,-28.647889756253953,2.477532068390076e-14,1.072271469981762,1.5708,1.5707999999917532,8.246736626915663e-12,90.0002104586772,4.725032034782201e-10,8.931744233109384e-14,0.18699650624483638
0.042932987213134766,0.0,0.4989999999947395,-0.4989999999947395,28.590593976726673,-28.590593976726673,-0.1000000000490174,1.0705058708787978,1.5708,1.5707999999915188,8.481215729716496e-12,90.00021045866377,4.85937866452722e-10,-8.05924910141087e-11,0.18668832148854042
0.056023359298706055,0.0,0.4970999999945035,-0.4970999999945035,28.481731995638295,-28.481731995638295,-0.1900000000453709,1.0669524308958054,1.5708,1.5707999999912685,8.731459999467006e-12,90.00021045864943,5.002758069567595e-10,-7.632464799067762e-11,0.18606804214565695
0.07543039321899414,0.0,0.49438999999428135,-0.49438999999428135,28.326460433145115,-28.326460433145115,-0.27100000004176655,1.0617848857955183,1.5708,1.5707999999910118,8.988143562760342e-12,90.00021045863473,5.149826918038468e-10,-7.177726468743373e-11,0.18516601244859712
0.09631085395812988,0.0,0.49438999999428135,-0.49438999999428135,28.326460433145115,-28.326460433145115,-0.27100000004176655,1.0617848857955183,1.5708,1.5707999999910118,8.988143562760342e-12,90.00021045863473,5.149826918038468e-10,-7.177726468743373e-11,0.18516601244859712
0.0967416763305664,0.0,0.49095099999407454,-0.49095099999407454,28.129420247387777,-28.129420247387777,-0.343900000038233,1.0551577932045466,1.5708,1.5707999999907558,9.244160992238903e-12,90.00021045862006,5.296514099947565e-10,-6.705103833271053e-11,0.1840092246309649
0.1056511402130127,0.0,0.4868558999938843,-0.4868558999938843,27.894788300692852,-27.894788300692852,-0.4095100000347911,1.047208919570307,1.5708,1.5707999999905058,9.494183217384489e-12,90.00021045860574,5.439766282800682e-10,-6.222979770376114e-11,0.1826217364947369
0.12113738059997559,0.0,0.4821703099937111,-0.4821703099937111,27.626323769154222,-27.626323769154222,-0.46855900003145873,1.0380612972988632,1.5708,1.5707999999902664,9.733547301493672e-12,90.00021045859202,5.576911800665389e-10,-5.7376443873824456e-11,0.18102503122529068
0.13209986686706543,0.0,0.47695327899355544,-0.47695327899355544,27.327409911256392,-27.327409911256392,-0.5217031000282458,1.0278250003219096,1.5708,1.570799999990041,9.95892257549258e-12,90.0002104585791,5.706042320732807e-10,-5.2545870432574304e-11,0.17923832791125893
0.14710187911987305,0.0,0.47125795109341767,-0.47125795109341767,27.001091659635392,-27.001091659635392,-0.5695327900251625,1.0165986795120825,1.5708,1.5707999999898328,1.0167200414912259e-11,90.00021045856717,5.825376732381319e-10,-4.778132750571373e-11,0.17727885002739968
0.1590404510498047,0.0,0.46513215598329744,-0.46513215598329744,26.650109453663624,-26.650109453663624,-0.6125795110222152,1.004470893306449,1.5708,1.5707999999896434,1.035660446291331e-11,90.00021045855632,5.933897258112854e-10,-4.311628137854129e-11,0.1751620580755431
0.17209887504577637,0.0,0.4586189403841947,-0.4586189403841947,26.276929688776267,-26.276929688776267,-0.6513215599194053,0.9915212636039065,1.5708,1.5707999999894746,1.0525358362656334e-11,90.00021045854665,6.030586120429345e-10,-3.857673208651491e-11,0.17290185165016367
0.1839296817779541,0.0,0.45175704634500913,-0.45175704634500913,25.883772120864954,-25.883772120864954,-0.6861894039267353,0.9778214824296971,1.5708,1.5707999999893274,1.067257393572163e-11,90.00021045853822,6.114934430581757e-10,-3.418600125204563e-11,0.17051074539343206
0.2074887752532959,0.0,0.4445813417097502,-0.4445813417097502,25.47263453023216,-25.47263453023216,-0.7175704635332051,0.9634361909441674,1.5708,1.5707999999892024,1.0797585048294422e-11,90.00021045853106,6.186560522008316e-10,-2.99580360518803e-11,0.16800002261815247
0.20753812789916992,0.0,0.4445813417097502,-0.4445813417097502,25.47263453023216,-25.47263453023216,-0.7175704635332051,0.9634361909441674,1.5708,1.5707999999892024,1.0797585048294422e-11,90.00021045853106,6.186560522008316e-10,-2.99580360518803e-11,0.16800002261815247
0.21740198135375977,0.0,0.43712320753802647,-0.43712320753802647,25.04531491915009,-25.04531491915009,-0.7458134171789115,0.9484237490413899,1.5708,1.5707999999890996,1.0900391700374712e-11,90.00021045852516,6.24546439470902e-10,-2.5906075895587577e-11,0.16537986979314262
0.2271127700805664,0.0,0.42941088678348543,-0.42941088678348543,24.603431489663738,-24.603431489663738,-0.7712320754599433,0.9328369109627496,1.5708,1.5707999999890192,1.0980771847357573e-11,90.00021045852056,6.291518826496612e-10,-2.2029801594047882e-11,0.16265949459141624
0.24237871170043945,0.0,0.4214697981044098,-0.4214697981044098,24.14844062361359,-24.14844062361359,-0.7941088679127775,0.9167234199709957,1.5708,1.5707999999889608,1.1039169578452857e-11,90.00021045851722,6.324978261745608e-10,-1.8337314305894026e-11,0.15984722978462199
0.25466060638427734,0.0,0.41332281829325385,-0.41332281829325385,23.68165306465606,-23.68165306465606,-0.8146979811202434,0.9001265331287054,1.5708,1.5707999999889244,1.1075584893660562e-11,90.00021045851513,6.345842700456009e-10,-1.4827503808101383e-11,0.15695062491660883
0.26499342918395996,0.0,0.4049905364632264,-0.4049905364632264,23.204248482081947,-23.204248482081947,-0.8332281830068851,0.883085485543624,1.5708,1.5707999999889093,1.1090683926795464e-11,90.00021045851426,6.354493809189589e-10,-1.1503374641730346e-11,0.15397652739447237
0.2751290798187256,0.0,0.3964914828162152,-0.3964914828162152,22.717288578252937,-22.717288578252937,-0.8499053647047929,0.8656359020327787,1.5708,1.5707999999889148,1.1085132811672338e-11,90.00021045851457,6.351313254508126e-10,-8.363226777774457e-12,0.15093115438842555
0.28813767433166504,0.0,0.38784233453391936,-0.38784233453391936,22.221728885294556,-22.221728885294556,-0.8649148282328456,0.8478101629741819,1.5708,1.5707999999889406,1.1059375637501034e-11,90.00021045851605,6.336555480786135e-10,-5.398442110005064e-12,0.1478201567246802
0.2969543933868408,0.0,0.379058101079868,-0.379058101079868,21.718429382119787,-21.718429382119787,-0.8784233454080356,0.8296377301221047,1.5708,1.5707999999889852,1.1014744671911103e-11,90.00021045851861,6.310983821147169e-10,-2.609076149573397e-12,0.14464867578168353
0.31064844131469727,0.0,0.37015229097123703,-0.37015229097123703,21.20816404975029,-21.20816404975029,-0.8905810108656547,0.8111454373290621,1.5708,1.5707999999890485,1.0951461959507469e-11,90.00021045852223,6.274725497778484e-10,1.611905053877649e-14,0.1414213942542851
0.3199000358581543,0.0,0.36113706187348493,-0.36113706187348493,20.69162947110556,-20.69162947110556,-0.9015229097774649,0.7923577504169257,1.5708,1.5707999999891296,1.0870415678709833e-11,90.00021045852688,6.228289399429117e-10,2.4774869655797005e-12,0.13814258152772896
0.3378875255584717,0.0,0.35202335568552434,-0.35202335568552434,20.169452570813156,-20.169452570813156,-0.9113706187980508,0.7732969998501571,1.5708,1.5707999999892273,1.0772716052542819e-11,90.00021045853248,6.172311637035359e-10,4.780023599160188e-12,0.1348161343002225
0.36088037490844727,0.0,0.3428210201163764,-0.3428210201163764,19.642197581037863,-19.642197581037863,-0.9202335569165394,0.7539835893665985,1.5708,1.5707999999893407,1.0659251259426128e-11,90.00021045853899,6.107301099346245e-10,6.937644903004525e-12,0.1314456130057494
0.3743772506713867,0.0,0.33353891810416025,-0.33353891810416025,19.11037231072799,-19.11037231072799,-0.9282102012231442,0.7344361833008071,1.5708,1.5707999999894693,1.0530687433174535e-11,90.00021045854635,6.03363945292355e-10,8.955593211457114e-12,0.1280342745152361
0.38454461097717285,0.0,0.324185026293183,-0.324185026293183,18.57443378793701,-18.57443378793701,-0.9353891810990569,0.7146718749782782,1.5708,1.5707999999896116,1.038835684141759e-11,90.0002104585545,5.952090030890826e-10,1.0839194125589202e-11,0.12458510153177828
0.3968319892883301,0.0,0.314766523663321,-0.314766523663321,18.034793337913047,-18.034793337913047,-0.9418502629873491,0.6947063382556375,1.5708,1.5707999999897677,1.0232259484155293e-11,90.00021045856344,5.862652833248071e-10,1.2600635812543004e-11,0.12110082904258312
0.4103231430053711,0.0,0.30528987129646307,-0.30528987129646307,17.491821153379426,-17.491821153379426,-0.9476652366867845,0.6745539640232676,1.5708,1.5707999999899365,1.0063505584412269e-11,90.00021045857312,5.76596397093158e-10,1.423652862264646e-11,0.1175839681450437
0.4217195510864258,0.0,0.29576088416630897,-0.29576088416630897,16.94585040778712,-16.94585040778712,-0.9528987130162528,0.6542279832655727,1.5708,1.5707999999901168,9.883205365213144e-12,90.00021045858344,5.662659554877645e-10,1.5761374844158738e-11,0.11403682752568156
0.43388819694519043,0.0,0.28618479574918854,-0.28618479574918854,16.397180957242007,-16.397180957242007,-0.957608841712752,0.6337405780837535,1.5708,1.5707999999903084,9.691580871162842e-12,90.00021045859442,5.552866807273525e-10,1.718320971622056e-11,0.11046153283738587
0.4440946578979492,0.0,0.2765663161737987,-0.2765663161737987,15.846082672239383,-15.846082672239383,-0.9618479575395811,0.6131029819223772,1.5708,1.5707999999905105,9.489520280681063e-12,90.000210458606,5.437094616868252e-10,1.8503341220332814e-11,0.10686004419180149
0.45832133293151855,0.0,0.2669096845559665,-0.2669096845559665,15.29279843622501,-15.29279843622501,-0.965663161783709,0.592325570098962,1.5708,1.5707999999907225,9.277467682977658e-12,90.00021045861816,5.315597428036346e-10,1.9729835820658792e-11,0.10323417195885709
0.46996569633483887,0.0,0.25721871609993635,-0.25721871609993635,14.737546844300072,-14.737546844300072,-0.9690968456034077,0.5714179416130895,1.5708,1.5707999999909437,9.056311256472327e-12,90.00021045863082,5.18888412952684e-10,2.086419578772869e-11,0.09958559104399926
0.4859757423400879,0.0,0.24749684448952824,-0.24749684448952824,14.180524632055635,-14.180524632055635,-0.9721871610411216,0.5503889931040353,1.5708,1.5707999999911735,8.82649509037492e-12,90.00021045864399,5.05720916571425e-10,2.191906725568238e-11,0.09591585379488471
0.5046005249023438,0.0,0.23774716004018004,-0.23774716004018004,13.621908861523652,-13.621908861523652,-0.9749684449350496,0.5292469857323331,1.5708,1.5707999999914108,8.589129407710061e-12,90.00021045865759,4.92120864753487e-10,2.2896021883989093e-11,0.0922264016729425
0.5203721523284912,0.0,0.22797244403578593,-0.22797244403578593,13.061858888532889,-13.061858888532889,-0.9774716004395722,0.5079996056784678,1.5708,1.5707999999916558,8.344214208477752e-12,90.00021045867162,4.7808825749887e-10,2.3805558219125444e-11,0.08851857581085068
0.5293078422546387,0.0,0.21817519963185059,-0.21817519963185059,12.50051813332923,-12.50051813332923,-0.9797244403936314,0.48665401887940307,1.5708,1.5707999999919078,8.092193581887841e-12,90.00021045868607,4.6364853924502564e-10,2.464715584404864e-11,0.08479362656429844
0.5437612533569336,0.0,0.20835767966832824,-0.20835767966832824,11.93801567413397,-11.93801567413397,-0.9817519963522738,0.4652169205598502,1.5708,1.5707999999921662,7.833733661755105e-12,90.00021045870088,4.488398766481315e-10,2.542251825721209e-11,0.08105272215526835
0.5589475631713867,0.0,0.19852191170117772,-0.19852191170117772,11.374467681346276,-11.374467681346276,-0.9835767967150423,0.4436945800585342,1.5708,1.5707999999924307,7.569278537289392e-12,90.00021045871603,4.336877141456393e-10,2.6142260231565295e-11,0.07729695649416851
0.5734686851501465,0.0,0.18866972053076192,-0.18866972053076192,10.809978708325396,-10.809978708325396,-0.9852191170415252,0.4220928813996477,1.5708,1.5707999999927005,7.29949434230548e-12,90.00021045873149,4.182302183937266e-10,2.6808123429478137e-11,0.0735273562594166
0.5873520374298096,0.0,0.17880274847740743,-0.17880274847740743,10.244642853094652,-10.244642853094652,-0.9866972053353515,0.40041736001463446,1.5708,1.570799999992976,7.023936987593515e-12,90.00021045874728,4.024419449549417e-10,2.7426380611039747e-11,0.06974488730517951
0.6003067493438721,0.0,0.1689224736294082,-0.1689224736294082,9.678544803875036,-9.678544803875036,-0.9880274847997881,0.37867323598000213,1.5708,1.5707999999932563,6.743716696178126e-12,90.00021045876332,3.863865049229139e-10,2.799216240745306e-11,0.06595046046111969
0.6131331920623779,0.0,0.15903022626622876,-0.15903022626622876,9.111760780065437,-9.111760780065437,-0.9892247363177745,0.35686544410088783,1.5708,1.5707999999935405,6.459499601874086e-12,90.0002104587796,3.7010206495382067e-10,2.8513979372091214e-11,0.062144936781695324
0.6221532821655273,0.0,0.14912720363938722,-0.14912720363938722,8.544359379124858,-8.544359379124858,-0.9903022626839557,0.3349986611382018,1.5708,1.5707999999938294,6.17061957086662e-12,90.00021045879616,3.535504583914845e-10,2.9002593729399173e-11,0.058329132296990736
0.6366629600524902,0.0,0.13921448327524982,-0.13921448327524982,7.9764023387664,-7.9764023387664,-0.9912720364135137,0.3130773304487334,1.5708,1.570799999994122,5.877964781575429e-12,90.00021045881293,3.3678257411080886e-10,2.944875940324998e-11,0.05450382231210526
0.6474044322967529,0.0,0.12929303494754624,-0.12929303494754624,7.407945222931857,-7.407945222931857,-0.9921448327701107,0.2911056842815194,1.5708,1.5707999999944178,5.582201367815287e-12,90.00021045882987,3.1983657876797126e-10,2.986104072344453e-11,0.0506697452975521
0.6565051078796387,0.0,0.1193637314526331,-0.1193637314526331,6.839038039168836,-6.839038039168836,-0.9929303494910431,0.2690877639509045,1.5708,1.570799999994717,5.282885240376345e-12,90.00021045884702,3.0268702792551997e-10,3.024577463484057e-11,0.04682760640914729
0.6691253185272217,0.0,0.1094273583072314,-0.1094273583072314,6.269725794270188,-6.269725794270188,-0.9936373145398784,0.24702743808561578,1.5708,1.5707999999950195,4.980460488468452e-12,90.00021045886436,2.853593660209067e-10,3.0596036121322e-11,0.04297808067216637
0.6924138069152832,0.0,0.1094273583072314,-0.1094273583072314,6.269725794270188,-6.269725794270188,-0.9936373145398784,0.24702743808561578,1.5708,1.5707999999950195,4.980460488468452e-12,90.00021045886436,2.853593660209067e-10,3.0596036121322e-11,0.04297808067216637
0.6978628635406494,0.0,0.09948462247639003,-0.09948462247639003,5.700048994349477,-5.700048994349477,-0.9942735830838264,0.2249284191345201,1.5708,1.5707999999953246,4.675371201301459e-12,90.00021045888184,2.6787903749158324e-10,3.0920381706434075e-11,0.03912181586130665
0.7070720195770264,0.0,0.08953616022865302,-0.08953616022865302,5.130044094908913,-5.130044094908913,-0.994846224773376,0.20279427829250568,1.5708,1.5707999999956324,4.367617378875366e-12,90.00021045889946,2.502460423375495e-10,3.122078724021593e-11,0.035259435104967096
0.7184336185455322,0.0,0.08058254420545667,-0.08058254420545667,4.617039685399055,-4.617039685399055,-0.8953616022950638,0.18263355157035588,1.5708,1.5707999999953537,4.64628335805628e-12,90.0002104588835,2.6621242683849634e-10,2.969265545244015e-11,0.03174230568995229
0.7294387817382812,0.0,0.07252428978461298,-0.07252428978461298,4.155335716842074,-4.155335716842074,-0.8058254420622519,0.1644760525119164,1.5708,1.5707999999951745,4.82547335423078e-12,90.00021045887323,2.7647925735026057e-10,3.387480920769015e-11,0.02857457743991529
0.74892258644104,0.0,0.06527186080588344,-0.06527186080588344,3.7398021451424976,-3.7398021451424976,-0.7252428978530511,0.1481249333068779,1.5708,1.5707999999950775,4.922506846583019e-12,90.00021045886767,2.820388669334588e-10,3.69233896929666e-11,0.02572192997696497
0.7675132751464844,0.0,0.05874467472505365,-0.05874467472505365,3.365821930614414,-3.365821930614414,-0.6527186080650678,0.13340209079869028,1.5708,1.5707999999950482,4.951816734433123e-12,90.000210458866,2.837181998052716e-10,3.902528473986866e-11,0.023153308370976837
0.7889659404754639,0.0,0.05874467472505365,-0.05874467472505365,3.365821930614414,-3.365821930614414,-0.6527186080650678,0.13340209079869028,1.5708,1.5707999999950482,4.951816734433123e-12,90.000210458866,2.837181998052716e-10,3.902528473986866e-11,0.023153308370976837
0.7933998107910156,0.0,0.05287020725233092,-0.05287020725233092,3.0292397375405185,-3.0292397375405185,-0.5874467472561505,0.12014654631317608,1.5708,1.5707999999950737,4.926281604866745e-12,90.00021045886746,2.822551446517983e-10,4.033718671581088e-11,0.020840641451318982
0.8128986358642578,0.0,0.04758318652690217,-0.04758318652690217,2.726315763775256,-2.726315763775256,-0.5287020725283655,0.10821291875525135,1.5708,1.5707999999951439,4.856115509710435e-12,90.00021045887148,2.7823492353442843e-10,4.0999055712920285e-11,0.01875857619903942
0.8273661136627197,0.0,0.04282486787403582,-0.04282486787403582,2.4536841873876387,-2.4536841873876387,-0.47583186527357596,0.09747000021656635,1.5708,1.570799999995249,4.75086636697597e-12,90.0002104588775,2.722045918583736e-10,4.1123105788687386e-11,0.01688422986930201
0.8433239459991455,0.0,0.038542381086473676,-0.038542381086473676,2.20831576863979,-2.20831576863979,-0.42824867874446065,0.0877994374043522,1.5708,1.5707999999953817,4.618305737835726e-12,90.0002104588851,2.646094272790387e-10,4.081390911001015e-11,0.01519696045163303
0.8563013076782227,0.0,0.03468814297768357,-0.03468814297768357,1.9874841917676327,-1.9874841917676327,-0.38542381086843247,0.07909451820974281,1.5708,1.5707999999955355,4.4644288266226795e-12,90.00021045889392,2.5579292970202186e-10,4.015738566329197e-11,0.01367815537323399
0.8658099174499512,0.0,0.031219328679786714,-0.031219328679786714,1.788735772583507,-1.788735772583507,-0.34688142978016534,0.07125906012781272,1.5708,1.5707999999957047,4.295230837669806e-12,90.00021045890361,2.460985990329211e-10,3.922087611282765e-11,0.012311037891279636
0.8759589195251465,0.0,0.02809739581169236,-0.02809739581169236,1.6098621953185281,-1.6098621953185281,-0.3121932868008672,0.06420639561719971,1.5708,1.5707999999958846,4.11537470768053e-12,90.00021045891391,2.357936018649793e-10,3.8070992972732975e-11,0.011080490332938502
0.8914709091186523,0.0,0.025287656230418978,-0.025287656230418978,1.4488759757807081,-1.4488759757807081,-0.28097395811962705,0.05785844855270285,1.5708,1.5707999999960716,3.928413150333654e-12,90.00021045892463,2.2508149369781015e-10,3.676036515118386e-11,0.009972893175773738
0.9028615951538086,0.0,0.022758890607283314,-0.022758890607283314,1.303988378197265,-1.303988378197265,-0.25287656230662625,0.05214489546825857,1.5708,1.5707999999962625,3.737454790098127e-12,90.00021045893557,2.1414038559357566e-10,3.5329920412829896e-11,0.008975978879172146
0.913121223449707,0.0,0.02048300154647056,-0.02048300154647056,1.1735895403727015,-1.1735895403727015,-0.22758890607502938,0.04700240515853099,1.5708,1.5707999999964544,3.5456082514429e-12,90.00021045894657,2.0314838861443774e-10,3.381561762376417e-11,0.008078699352921492
0.9272692203521729,0.0,0.018434701391747486,-0.018434701391747486,1.056230586331076,-1.056230586331076,-0.20483001546668553,0.04237395029665875,1.5708,1.570799999996645,3.354871935812298e-12,90.0002104589575,1.922200027289291e-10,3.225292450649564e-11,0.007271105963053736
0.9414246082305908,0.0,0.016591231252504293,-0.016591231252504293,0.9506075276940467,-0.9506075276940467,-0.18434701391926017,0.03820818495558309,1.5708,1.5707999999968332,3.1668001554407965e-12,90.00021045896827,1.814442834681307e-10,3.066576766824758e-11,0.006544241013866029
0.950495719909668,0.0,0.014932108127192223,-0.014932108127192223,0.8555467749211102,-0.8555467749211102,-0.16591231252665303,0.034458882237050736,1.5708,1.5707999999970172,2.9827251779579456e-12,90.00021045897881,1.7089756414439768e-10,2.9073247932373536e-11,0.005890039699258247
0.9698669910430908,0.0,0.013438897314417499,-0.013438897314417499,0.7699920974258192,-0.7699920974258192,-0.14932108127337465,0.031084426576757692,1.5708,1.5707999999971962,2.8037572263883703e-12,90.00021045898907,1.606434558513593e-10,2.7491882902130893e-11,0.005301241579238998
0.9799666404724121,0.0,0.012095007582925761,-0.012095007582925761,0.6929928876803731,-0.6929928876803731,-0.13438897314548554,0.028047355680542774,1.5708,1.570799999997369,2.631006523756696e-12,90.00021045899896,1.5074556968264483e-10,2.593565574977863e-11,0.004771310704203992
0.9950904846191406,0.0,0.010885506824588163,-0.010885506824588163,0.6236935989097563,-0.6236935989097563,-0.12095007583044041,0.025313947436654004,1.5708,1.5707999999975355,2.4644730700629225e-12,90.00021045900851,1.4120390563825428e-10,2.4418258864553066e-11,0.004294363577103627
1.0156002044677734,0.0,0.010885506824588163,-0.010885506824588163,0.6236935989097563,-0.6236935989097563,-0.12095007583044041,0.025313947436654004,1.5708,1.5707999999975355,2.4644730700629225e-12,90.00021045900851,1.4120390563825428e-10,2.4418258864553066e-11,0.004294363577103627
1.0175235271453857,0.0,0.009796956142088793,-0.009796956142088793,0.5613242390164571,-0.5613242390164571,-0.10885506824694949,0.022853847531157337,1.5708,1.570799999997695,2.30504504372675e-12,90.00021045901764,1.3206935259309106e-10,2.2942026967412432e-11,0.0038651042098244606
1.034022569656372,0.0,0.008817260527843382,-0.008817260527843382,0.5051918151127183,-0.5051918151127183,-0.09796956142185233,0.020639733860075914,1.5708,1.5707999999978473,2.1527224447481785e-12,90.00021045902636,1.2334191054715517e-10,2.1517941508480964e-11,0.0034787655937057013
1.0555341243743896,0.0,0.00793553447502613,-0.00793553447502613,0.45467263359956067,-0.45467263359956067,-0.08817260527930512,0.018647014178087354,1.5708,1.570799999997992,2.007949362337058e-12,90.00021045903466,1.1504702393789832e-10,2.0147892577405957e-11,0.0031310569642249517
1.0555782318115234,0.0,0.00793553447502613,-0.00793553447502613,0.45467263359956067,-0.45467263359956067,-0.08817260527930512,0.018647014178087354,1.5708,1.570799999997992,2.007949362337058e-12,90.00021045903466,1.1504702393789832e-10,2.0147892577405957e-11,0.0031310569642249517
1.0695531368255615,0.0,0.0071419810274938635,-0.0071419810274938635,0.40920537023790554,-0.40920537023790554,-0.0793553447510488,0.01685355374730326,1.5708,1.5707999999981295,1.8705037518884637e-12,90.00021045904253,1.0717197054659466e-10,1.8838021637393454e-11,0.0028181162961352264
1.0814104080200195,0.0,0.0064277829247177546,-0.0064277829247177546,0.3682848332125839,-0.3682848332125839,-0.07141981027565071,0.015239430049696141,1.5708,1.5707999999982594,1.7406076580073204e-12,90.00021045904998,9.972947259197003e-11,1.7587641087425665e-11,0.0025364675174929913
1.099111557006836,0.0,0.005785004632221895,-0.005785004632221895,0.3314563498899456,-0.3314563498899456,-0.06427782924782174,0.013786711903175403,1.5708,1.5707999999983826,1.617372902273928e-12,90.00021045905704,9.266864119912102e-11,1.64003489608322e-11,0.0022829819790974484
1.108067274093628,0.0,0.0052065041689779955,-0.0052065041689779955,0.2983107148997071,-0.2983107148997071,-0.05785004632280205,0.012479260574768706,1.5708,1.5707999999984983,1.5016876631079867e-12,90.00021045906367,8.604036524295105e-11,1.5268503692281166e-11,0.0020548437599572714
1.1201047897338867,0.0,0.004685853752060626,-0.004685853752060626,0.26847964340861513,-0.26847964340861513,-0.05206504169030808,0.011302550715895435,1.5708,1.5707999999986073,1.3926637620897964e-12,90.00021045906992,7.979375584855671e-11,1.4202103739997113e-11,0.0018495184297044854
1.1342246532440186,0.0,0.004217268376836916,-0.004217268376836916,0.24163167906674254,-0.24163167906674254,-0.04685853752108489,0.010243509155483999,1.5708,1.5707999999987086,1.291411422243982e-12,90.00021045907572,7.399242410956726e-11,1.3193272212566609e-11,0.0016647249255577177
1.1463325023651123,0.0,0.0037955415391373085,-0.0037955415391373085,0.21746851115915636,-0.21746851115915636,-0.04217268376880326,0.009290369778314513,1.5708,1.5707999999988038,1.1961542867311437e-12,90.00021045908117,6.853459227617585e-11,1.2254015781688193e-11,0.0014984102348209003
1.1621873378753662,0.0,0.003415987385209221,-0.003415987385209221,0.19572166004241814,-0.19572166004241814,-0.037955415391767104,0.00843254288962077,1.5708,1.5707999999988929,1.1071144001562061e-12,90.00021045908628,6.343298256710838e-11,1.136738473532864e-11,0.0013487266041356722
1.1733689308166504,0.0,0.0030743886466753443,-0.0030743886466753443,0.17614949403743407,-0.17614949403743407,-0.03415987385245015,0.007660497624333268,1.5708,1.5707999999989755,1.0245138071240945e-12,90.00021045909101,5.870031720109067e-11,1.053633276546645e-11,0.0012140110241300036
1.1931378841400146,0.0,0.0027669497819961175,-0.0027669497819961175,0.15853454463302075,-0.15853454463302075,-0.03074388646707892,0.006965656101589806,1.5708,1.5707999999990536,9.463541061904834e-13,90.00021045909548,5.422209620959003e-11,9.763738862550442e-12,0.0010927667628823938
1.2044336795806885,0.0,0.00249025480378595,-0.00249025480378595,0.14268109016911387,-0.14268109016911387,-0.02766949782025743,0.006340298153713357,1.5708,1.5707999999991267,8.733014311701481e-13,90.00021045909968,5.0036486248784046e-11,9.030212612826799e-12,0.00098364674402742
1.2185790538787842,0.0,0.002241229323397821,-0.002241229323397821,0.12841298115165622,-0.12841298115165622,-0.024902548038129458,0.00577747557492953,1.5708,1.570799999999194,8.060219158778636e-13,90.00021045910353,4.6181653974850266e-11,8.342949703483982e-12,0.0008854385855642969
1.2288799285888672,0.0,0.002017106391049425,-0.002017106391049425,0.11557168303599706,-0.11557168303599706,-0.022412293234224497,0.005270934939833468,1.5708,1.5707999999992572,7.427392034742297e-13,90.00021045910715,4.255582163798186e-11,7.709092235018075e-12,0.0007970511336815076
1.2450544834136963,0.0,0.0018153957519366965,-0.0018153957519366965,0.10401451473195125,-0.10401451473195125,-0.02017106391071924,0.004815048136075768,1.5708,1.5707999999993154,6.845635169838715e-13,90.00021045911049,3.9222600331808086e-11,7.111308937546301e-12,0.0007175023423764942
1.2578282356262207,0.0,0.0016338561767359862,-0.0016338561767359862,0.09361306325835274,-0.09361306325835274,-0.01815395751957278,0.004404749840908556,1.5708,1.5707999999993691,6.308287225920139e-13,90.00021045911356,3.614382340015141e-11,6.561091459630214e-12,0.0006459083645071061
1.2712604999542236,0.0,0.001470470559056018,-0.001470470559056018,0.0842517569321525,-0.0842517569321525,-0.016338561767548426,0.004035481247976313,1.5708,1.5707999999994187,5.81312775693732e-13,90.0002104591164,3.3306768624285947e-11,6.052129148314753e-12,0.0005814737332822328
1.2899315357208252,0.0,0.00132342350314465,-0.00132342350314465,0.07582658123860687,-0.07582658123860687,-0.01470470559073321,0.003703139419887567,1.5708,1.5707999999994648,5.351274978693255e-13,90.00021045911905,3.0660547129308305e-11,5.582516735122209e-12,0.0005234825252636713
1.3017902374267578,0.0,0.0011910811528249624,-0.0011910811528249624,0.06824392311444695,-0.06824392311444695,-0.013234235031605557,0.003404031704408238,1.5708,1.5707999999995075,4.924949337237194e-13,90.00021045912149,2.821788113394432e-11,5.143656307089392e-12,0.0004712904068149881
1.3135619163513184,0.0,0.0010719730375377324,-0.0010719730375377324,0.061419530802731034,-0.061419530802731034,-0.011910811528396101,0.00313483470821144,1.5708,1.5707999999995466,4.5341508325691393e-13,90.00021045912374,2.5978770638194006e-11,4.7380237754024446e-12,0.00042431747571521907
1.3277878761291504,0.0,0.0009647757337796655,-0.0009647757337796655,0.055277577722211924,-0.055277577722211924,-0.01071973037551248,0.002892557372650863,1.5708,1.570799999999584,4.1588954502458364e-13,90.00021045912588,2.3828715673524668e-11,4.365849072237096e-12,0.0003820418184690416
1.3350708484649658,0.0,0.0008682981603978014,-0.0008682981603978014,0.04974981994976742,-0.04974981994976742,-0.009647757337921623,0.00267450774151162,1.5708,1.5707999999996178,3.821387650759789e-13,90.00021045912781,2.189493842719485e-11,4.0073551302397675e-12,0.0003439937117753908
1.3466382026672363,0.0,0.0007814683443544803,-0.0007814683443544803,0.044774837954587796,-0.044774837954587796,-0.008682981604093813,0.002478263051668505,1.5708,1.57079999999965,3.4994229736184934e-13,90.00021045912966,2.005021671194601e-11,3.684932540310923e-12,0.00030975040377301445
1.3586153984069824,0.0,0.000703321509915812,-0.000703321509915812,0.040297354158944504,-0.040297354158944504,-0.007814683443652349,0.002301642814434785,1.5708,1.5707999999996785,3.2152058793144533e-13,90.0002104591313,1.8421772715036688e-11,3.37654467645436e-12,0.00027893141709449724
1.3793785572052002,0.0,0.0006329893589212993,-0.0006329893589212993,0.03626761874288209,-0.03626761874288209,-0.0070332150992582386,0.002142684588607664,1.5708,1.570799999999705,2.948752353404416e-13,90.00021045913282,1.6895106467934202e-11,3.1045466490544488e-12,0.0002511943215735679
1.3794195652008057,0.0,0.0006329893589212993,-0.0006329893589212993,0.03626761874288209,-0.03626761874288209,-0.0070332150992582386,0.002142684588607664,1.5708,1.570799999999705,2.948752353404416e-13,90.00021045913282,1.6895106467934202e-11,3.1045466490544488e-12,0.0002511943215735679
1.3969945907592773,0.0,0.0005696904230264977,-0.0005696904230264977,0.03264085686844081,-0.03264085686844081,-0.006329893589306426,0.001999622176076612,1.5708,1.57079999999973,2.7000623958883807e-13,90.00021045913424,1.5470217970638545e-11,2.849090307752676e-12,0.0002262309296418663
1.4088366031646729,0.0,0.0005127213807214104,-0.0005127213807214104,0.029376771181457068,-0.029376771181457068,-0.005696904230352394,0.001870865997779363,1.5708,1.5707999999997528,2.4713564528155985e-13,90.00021045913554,1.4159829441875577e-11,2.6102978014762995e-12,0.00020376387216109045
1.4188003540039062,0.0,0.00046144924264704217,-0.00046144924264704217,0.026439094063183753,-0.026439094063183753,-0.005127213807296106,0.0017549854319929474,1.5708,1.570799999999774,2.2604140781368187e-13,90.00021045913677,1.295121866291944e-11,2.3904995956900224e-12,0.00018354351665120968
1.4336023330688477,0.0,0.0004153043183803002,-0.0004153043183803002,0.023795184656748625,-0.023795184656748625,-0.004614492426547551,0.0016506929187441012,1.5708,1.5707999999997933,2.0672352718520415e-13,90.00021045913786,1.1844385633770136e-11,2.1875741642403065e-12,0.0001653451936793999
1.4484584331512451,0.0,0.00037377388654040287,-0.00037377388654040287,0.02141566619096677,-0.02141566619096677,-0.004153043183875746,0.001556829653741615,1.5708,1.5707999999998106,1.894040480010517e-13,90.00021045913886,1.085205257315352e-11,2.0016106285457302e-12,0.00014896670059818336
1.4551711082458496,0.0,0.0003363964978846488,-0.0003363964978846488,0.0192740995717719,-0.0192740995717719,-0.0037377388654728253,0.0014723527128878942,1.5708,1.5707999999998261,1.7386092565629951e-13,90.00021045913975,9.961497262343734e-12,1.8349095571960905e-12,0.0001342260549005591
1.476560115814209,0.0,0.0003363964978846488,-0.0003363964978846488,0.0192740995717719,-0.0192740995717719,-0.0037377388654728253,0.0014723527128878942,1.5708,1.5707999999998261,1.7386092565629951e-13,90.00021045913975,9.961497262343734e-12,1.8349095571960905e-12,0.0001342260549005591
1.4773533344268799,0.0,0.0003027568480946083,-0.0003027568480946083,0.017346689614504435,-0.017346689614504435,-0.0033639649789117317,0.0013963234643189042,1.5708,1.5707999999998417,1.5831780331154732e-13,90.00021045914065,9.07094195153395e-12,1.685322671349243e-12,0.00012095947223242456
1.4914891719818115,0.0,0.0002724811632836961,-0.0002724811632836961,0.015612020652970834,-0.015612020652970834,-0.00302756848100813,0.001327897139223341,1.5708,1.5707999999998552,1.4477308241112041e-13,90.00021045914141,8.294886609256852e-12,1.535151400531426e-12,0.00010901954659615669
1.5039575099945068,0.0,0.00024523304695398695,-0.00024523304695398695,0.014050818587597,-0.014050818587597,-0.0027248116328961306,0.0012663134455716425,1.5708,1.570799999999867,1.3300471835009375e-13,90.0002104591421,7.620609016786586e-12,1.404438116367826e-12,9.827361253271822e-05
1.5199394226074219,0.0,0.00022070974225734942,-0.00022070974225734942,0.012645736728766321,-0.012645736728766321,-0.002452330469596449,0.0012108881204625805,1.5708,1.5707999999998787,1.212363542890671e-13,90.00021045914276,6.94633142431632e-12,1.291015010824667e-12,8.86022710805962e-05
1.5281805992126465,0.0,0.0001986387680304663,-0.0001986387680304663,0.011381163055823902,-0.011381163055823902,-0.0022070974226277426,0.0011610053272268733,1.5708,1.5707999999998885,1.1146639167236572e-13,90.00021045914332,6.3865538003787415e-12,1.1771658409327757e-12,7.98980631342732e-05
1.540705919265747,0.0,0.000178774891226353,-0.000178774891226353,0.010243046750180397,-0.010243046750180397,-0.0019863876803568135,0.0011161108128201552,1.5708,1.5707999999998983,1.0169642905566434e-13,90.00021045914389,5.826776176441163e-12,1.0829172438333104e-12,7.206427546887458e-05
1.552692174911499,0.0,0.00016089740210272442,-0.00016089740210272442,0.009218742075105446,-0.009218742075105446,-0.001787748912313793,0.0010757057494685126,1.5708,1.570799999999906,9.392486788328824e-14,90.00021045914433,5.38149852103627e-12,9.88323545182343e-13,6.501386615607362e-05
1.5705735683441162,0.0,0.00014480766189152474,-0.00014480766189152474,0.008296867867541776,-0.008296867867541776,-0.001608974021075808,0.0010393411921515128,1.5708,1.5707999999999138,8.615330671091215e-14,90.00021045914478,4.936220865631378e-12,9.1340329126232e-13,5.866849744171411e-05
1.5933318138122559,0.0,0.0001303268957015045,-0.0001303268957015045,0.007467181080737878,-0.007467181080737878,-0.001448076618962282,0.0010066130903312765,1.5708,1.5707999999999218,7.815970093361102e-14,90.00021045914524,4.478220991500631e-12,8.382035029171758e-13,5.295766533084342e-05
1.5933825969696045,0.0,0.0001303268957015045,-0.0001303268957015045,0.007467181080737878,-0.007467181080737878,-0.001448076618962282,0.0010066130903312765,1.5708,1.5707999999999218,7.815970093361102e-14,90.00021045914524,4.478220991500631e-12,8.382035029171758e-13,5.295766533084342e-05
1.6090326309204102,0.0,0.00011729420613053982,-0.00011729420613053982,0.006720462972617439,-0.006720462972617439,-0.0013032689570607033,0.0009771577985080875,1.5708,1.5707999999999278,7.216449660063518e-14,90.00021045914558,4.134721085902572e-12,7.60531665856129e-13,4.781791621437518e-05
1.6193058490753174,0.0,0.00010556478551671971,-0.00010556478551671971,0.006048416675311799,-0.006048416675311799,-0.0011729420613498178,0.0009506480357222662,1.5708,1.5707999999999338,6.616929226765933e-14,90.00021045914592,3.791221180304512e-12,7.026174347196656e-13,4.31921418352754e-05
1.6403734683990479,0.0,0.00010556478551671971,-0.00010556478551671971,0.006048416675311799,-0.006048416675311799,-0.0011729420613498178,0.0009506480357222662,1.5708,1.5707999999999338,6.616929226765933e-14,90.00021045914592,3.791221180304512e-12,7.026174347196656e-13,4.31921418352754e-05
1.6413319110870361,0.0,9.500830696432497e-05,-9.500830696432497e-05,0.005443575007739207,-0.005443575007739207,-0.0010556478552105016,0.000926789249100933,1.5708,1.5707999999999398,6.017408793468348e-14,90.00021045914626,3.4477212747064524e-12,6.444994006798294e-13,3.902894475358747e-05
1.6543431282043457,0.0,8.550747626720872e-05,-8.550747626720872e-05,0.0048992175069261104,-0.0048992175069261104,-0.0009500830696855511,0.0009053163410516921,1.5708,1.5707999999999458,5.417888360170764e-14,90.0002104591466,3.1042213691083922e-12,5.861979873950443e-13,3.5282067266715166e-05
1.6683614253997803,0.0,7.695672863983919e-05,-7.695672863983919e-05,0.004409295756196334,-0.004409295756196334,-0.0008550747627134856,0.0008859907237355089,1.5708,1.5707999999999498,5.0182080713057076e-14,90.00021045914684,2.875221432043019e-12,5.277315178820255e-13,3.19098774363654e-05
1.6778028011322021,0.0,6.92610557752382e-05,-6.92610557752382e-05,0.003968366180541345,-0.003968366180541345,-0.0007695672864389775,0.000868597668094428,1.5708,1.5707999999999538,4.618527782440651e-14,90.00021045914707,2.646221494977646e-12,4.891004729045204e-13,2.887490651506426e-05
1.6938464641571045,0.0,6.233495019712576e-05,-6.233495019712576e-05,0.003571529562453485,-0.003571529562453485,-0.0006926105577922363,0.0008529439179726842,1.5708,1.5707999999999578,4.218847493575595e-14,90.0002104591473,2.4172215579122727e-12,4.503357593516749e-13,2.614343262621704e-05
1.7033536434173584,0.0,5.610145517685015e-05,-5.610145517685015e-05,0.003214376606175877,-0.003214376606175877,-0.0006233495020104535,0.0008388555428275363,1.5708,1.5707999999999618,3.8191672047105385e-14,90.00021045914752,2.1882216208468997e-12,4.114506993576836e-13,2.36851060780602e-05
1.7148551940917969,0.0,5.049130965862513e-05,-5.049130965862513e-05,0.0028929389455273494,-0.0028929389455273494,-0.000561014551807105,0.000826176005168607,1.5708,1.5707999999999658,3.419486915845482e-14,90.00021045914775,1.9592216837815263e-12,3.7245735467171526e-13,2.1472612145797922e-05
1.7311217784881592,0.0,4.5442178692243344e-05,-4.5442178692243344e-05,0.0026036450509448624,-0.0026036450509448624,-0.0005049130966243216,0.000814764421252596,1.5708,1.5707999999999687,3.1308289294429414e-14,90.00021045914792,1.7938328403454234e-12,3.3336652665791333e-13,1.948136757489249e-05
1.7473843097686768,0.0,4.089796082251837e-05,-4.089796082251837e-05,0.0023432805458216913,-0.0023432805458216913,-0.0004544217869600238,0.0008044939957099241,1.5708,1.5707999999999707,2.930988785010413e-14,90.00021045914804,1.679332871812737e-12,3.0529020338208174e-13,1.7689247435388828e-05
1.761054277420044,0.0,3.68081647397827e-05,-3.68081647397827e-05,0.0021089524912118007,-0.0021089524912118007,-0.00040897960826234215,0.0007952506127070214,1.5708,1.5707999999999727,2.731148640577885e-14,90.00021045914815,1.5648329032800502e-12,2.860167208325673e-13,1.607633928917628e-05
1.7713854312896729,0.0,3.31273482653357e-05,-3.31273482653357e-05,0.0018980572420637645,-0.0018980572420637645,-0.00036808164743459674,0.0007869315679928955,1.5708,1.5707999999999747,2.531308496145357e-14,90.00021045914826,1.4503329347473637e-12,2.6667219593570074e-13,1.4624721940956292e-05
1.783912181854248,0.0,2.9814613438347014e-05,-2.9814613438347014e-05,0.0017082515178313117,-0.0017082515178313117,-0.0003312734826897769,0.0007794444277409632,1.5708,1.5707999999999767,2.3314683517128287e-14,90.00021045914838,1.335832966214677e-12,2.472637166631847e-13,1.3318266314119485e-05
1.796715497970581,0.0,2.6833152094069434e-05,-2.6833152094069434e-05,0.0015374263660228055,-0.0015374263660228055,-0.0002981461344195752,0.0007727060015068545,1.5708,1.5707999999999787,2.1316282072803006e-14,90.00021045914849,1.2213329976819904e-12,2.27797693360364e-13,1.2142456239110402e-05
1.8065075874328613,0.0,2.4149836884230632e-05,-2.4149836884230632e-05,0.0013836837293957813,-0.0013836837293957813,-0.000268331520976516,0.0007666414178902512,1.5708,1.5707999999999807,1.9317880628477724e-14,90.0002104591486,1.106833029149304e-12,2.0827984519369847e-13,1.1084227162832122e-05
1.8206210136413574,0.0,2.1734853195385624e-05,-2.1734853195385624e-05,0.0012453153564320274,-0.0012453153564320274,-0.00024149836887787297,0.000761183292630583,1.5708,1.5707999999999827,1.7319479184152442e-14,90.00021045914872,9.923330606166172e-13,1.887154305437247e-13,1.0131820987100567e-05
1.834665060043335,0.0,1.956136787543404e-05,-1.956136787543404e-05,0.0011207838207651602,-0.0011207838207651602,-0.00021734853198919333,0.0007562709798930972,1.5708,1.5707999999999847,1.532107773982716e-14,90.00021045914883,8.778330920839306e-13,1.6910901661209427e-13,9.274655423225804e-06
1.845104455947876,0.0,1.7605231087485653e-05,-1.7605231087485653e-05,0.0010087054386654405,-0.0010087054386654405,-0.00019561367878947092,0.000751849898426335,1.5708,1.5707999999999867,1.3322676295501878e-14,90.00021045914895,7.63333123551244e-13,1.4946484533980703e-13,8.503206411127919e-06
1.856801986694336,0.0,1.5844707978339327e-05,-1.5844707978339327e-05,0.0009078348947761064,-0.0009078348947761064,-0.00017605231090980113,0.0007478709251038264,1.5708,1.5707999999999886,1.1324274851176597e-14,90.00021045914906,6.488331550185575e-13,1.2978669788193953e-13,7.808902296521992e-06
1.874988317489624,0.0,1.4260237180114134e-05,-1.4260237180114134e-05,0.0008170514052760782,-0.0008170514052760782,-0.00015844707981817056,0.0007442898491109426,1.5708,1.5707999999999886,1.1324274851176597e-14,90.00021045914906,6.488331550185575e-13,1.1007794881775362e-13,7.184028589689794e-06
1.886916160583496,0.0,1.2834213461717316e-05,-1.2834213461717316e-05,0.0007353462647263884,-0.0007353462647263884,-0.00014260237183576801,0.0007410668807156482,1.5708,1.5707999999999886,1.1324274851176597e-14,90.00021045914906,6.488331550185575e-13,1.1032571611922087e-13,6.621642250976015e-06
1.8984558582305908,0.0,1.1550792115165448e-05,-1.1550792115165448e-05,0.0006618116382319693,-0.0006618116382319693,-0.0001283421346516643,0.0007381662091585782,1.5708,1.5707999999999886,1.1324274851176597e-14,90.00021045914906,6.488331550185575e-13,1.1054868229599252e-13,6.115494544120576e-06
1.9109840393066406,0.0,1.0395712903273511e-05,-1.0395712903273511e-05,0.000595630474387264,-0.000595630474387264,-0.00011550792118602364,0.0007355556047561625,1.5708,1.5707999999999886,1.1324274851176597e-14,90.00021045914906,6.488331550185575e-13,1.1074935456559243e-13,5.659961606320867e-06
1.9272782802581787,0.0,9.356141612575036e-06,-9.356141612575036e-06,0.0005360674269272738,-0.0005360674269272738,-0.00010395712906699449,0.000733206060793141,1.5708,1.5707999999999886,1.1324274851176597e-14,90.00021045914906,6.488331550185575e-13,1.1092998264752851e-13,5.249981960982033e-06
1.9447388648986816,0.0,8.420527450950249e-06,-8.420527450950249e-06,0.00048246068421350257,-0.00048246068421350257,-9.356141615991094e-05,0.0007310914712260838,1.5708,1.5707999999999898,1.021405182655144e-14,90.00021045914913,5.852220613892871e-13,1.1109250455318409e-13,4.8810002794553024e-06
1.95989990234375,0.0,7.5784747054913956e-06,-7.5784747054913956e-06,0.0004342146157713065,-0.0004342146157713065,-8.420527454357412e-05,0.0007291883406149548,1.5708,1.5707999999999898,1.021405182655144e-14,90.00021045914913,5.852220613892871e-13,1.0013654673252798e-13,4.548916764991128e-06
1.9689505100250244,0.0,6.8206272345815405e-06,-6.8206272345815405e-06,0.0003907931541735084,-0.0003907931541735084,-7.578474708890557e-05,0.0007274755230644168,1.5708,1.5707999999999898,1.021405182655144e-14,90.00021045914913,5.852220613892871e-13,1.002682366389035e-13,4.250041601195649e-06
1.9801485538482666,0.0,6.1385645107654715e-06,-6.1385645107654715e-06,0.0003517138387356505,-0.0003517138387356505,-6.820627237973498e-05,0.0007259339872685726,1.5708,1.5707999999999898,1.021405182655144e-14,90.00021045914913,5.852220613892871e-13,1.0038673993635616e-13,3.98105395321261e-06
1.990213394165039,0.0,5.524708059333529e-06,-5.524708059333529e-06,0.0003165424548417228,-0.0003165424548417228,-6.138564514150948e-05,0.0007245466050520233,1.5708,1.5707999999999898,1.021405182655144e-14,90.00021045914913,5.852220613892871e-13,1.0049335766749296e-13,3.738965069568763e-06
2.0086958408355713,0.0,4.972237253047049e-06,-4.972237253047049e-06,0.00028488820933731784,-0.00028488820933731784,-5.524708062713171e-05,0.0007232979610568965,1.5708,1.5707999999999898,1.021405182655144e-14,90.00021045914913,5.852220613892871e-13,1.0058936376986655e-13,3.5210850739182074e-06
2.0200021266937256,0.0,4.475013527391259e-06,-4.475013527391259e-06,0.00025639938838347033,-0.00025639938838347033,-4.97223725642144e-05,0.000722174181461093,1.5708,1.5707999999999898,1.021405182655144e-14,90.00021045914913,5.852220613892871e-13,1.0067576113048649e-13,3.324993077531564e-06
2.0304059982299805,0.0,4.027512174302886e-06,-4.027512174302886e-06,0.0002307594495251129,-0.0002307594495251129,-4.475013530760923e-05,0.0007211627798247185,1.5708,1.5707999999999898,1.021405182655144e-14,90.00021045914913,5.852220613892871e-13,1.007534984262537e-13,3.148510280540176e-06
2.0434491634368896,0.0,3.624760956525003e-06,-3.624760956525003e-06,0.00020768350455268596,-0.00020768350455268596,-4.027512177668297e-05,0.0007202525183518588,1.5708,1.5707999999999898,1.021405182655144e-14,90.00021045914913,5.852220613892871e-13,1.0082347012396048e-13,2.9896757630506096e-06
2.0623295307159424,0.0,3.2622848605263956e-06,-3.2622848605263956e-06,0.00018691515407758688,-0.00018691515407758688,-3.6247609598865866e-05,0.0007194332830261863,1.5708,1.5707999999999898,1.021405182655144e-14,90.00021045914913,5.852220613892871e-13,1.0088643516512757e-13,2.8467246971503326e-06
2.072902202606201,0.0,2.9360563741289884e-06,-2.9360563741289884e-06,0.00016822363865007445,-0.00016822363865007445,-3.2622848638845334e-05,0.0007186959712330017,1.5708,1.5707999999999898,1.021405182655144e-14,90.00021045914913,5.852220613892871e-13,1.0094311183369425e-13,2.718068737711029e-06
2.0832197666168213,0.0,2.6424507363725278e-06,-2.6424507363725278e-06,0.00015140127476538239,-0.00015140127476538239,-2.9360563774840258e-05,0.0007180323906190714,1.5708,1.5707999999999898,1.021405182655144e-14,90.00021045914913,5.852220613892871e-13,1.0099413709843685e-13,2.60227837411095e-06
2.1012656688690186,0.0,2.3782056623927983e-06,-2.3782056623927983e-06,0.00013626114726922168,-0.00013626114726922168,-2.642450739724775e-05,0.0007174351680664818,1.5708,1.5707999999999898,1.021405182655144e-14,90.00021045914913,5.852220613892871e-13,1.0104003950791446e-13,2.4980670467860935e-06
2.11328125,0.0,2.1403850958120184e-06,-2.1403850958120184e-06,0.000122635032522733,-0.000122635032522733,-2.3782056657425337e-05,0.0007168976677691102,1.5708,1.5707999999999898,1.021405182655144e-14,90.00021045914913,5.852220613892871e-13,1.0108136116321331e-13,2.404276852125288e-06
2.1234025955200195,0.0,1.926346585890195e-06,-1.926346585890195e-06,0.00011037152925094352,-0.00011037152925094352,-2.1403850991594932e-05,0.0007164139175014425,1.5708,1.5707999999999898,1.021405182655144e-14,90.00021045914913,5.852220613892871e-13,1.0111854929772957e-13,2.3198656768750397e-06
2.144101619720459,0.0,1.7337119269613448e-06,-1.7337119269613448e-06,9.933437630637829e-05,-9.933437630637829e-05,-1.926346589235636e-05,0.0007159785422605143,1.5708,1.5707999999999898,1.021405182655144e-14,90.00021045914913,5.852220613892871e-13,1.011520104872779e-13,2.2438956191049267e-06
2.144150972366333,0.0,1.7337119269613448e-06,-1.7337119269613448e-06,9.933437630637829e-05,-9.933437630637829e-05,-1.926346589235636e-05,0.0007159785422605143,1.5708,1.5707999999999898,1.021405182655144e-14,90.00021045914913,5.852220613892871e-13,1.011520104872779e-13,2.2438956191049267e-06
2.1640419960021973,0.0,1.5603407339260912e-06,-1.5603407339260912e-06,8.940093865631037e-05,-8.940093865631037e-05,-1.7337119303049543e-05,0.0007155867045436566,1.5708,1.5707999999999898,1.021405182655144e-14,90.00021045914913,5.852220613892871e-13,1.0118211065009153e-13,2.1755225670753177e-06
2.177783250808716,0.0,1.4043066601950036e-06,-1.4043066601950036e-06,8.046084477128595e-05,-8.046084477128595e-05,-1.560340737268053e-05,0.0007152340505984685,1.5708,1.5707999999999898,1.021405182655144e-14,90.00021045914913,5.852220613892871e-13,1.0120922925693082e-13,2.1139868202195175e-06
2.1871044635772705,0.0,1.2638759938376014e-06,-1.2638759938376014e-06,7.2414760274797e-05,-7.2414760274797e-05,-1.4043066635354828e-05,0.0007149166620477849,1.5708,1.5707999999999898,1.021405182655144e-14,90.00021045914913,5.852220613892871e-13,1.012336373583389e-13,2.0586046480253237e-06
2.207106113433838,0.0,1.137488394116458e-06,-1.137488394116458e-06,6.517328422798667e-05,-6.517328422798667e-05,-1.2638759971767452e-05,0.0007146310123521588,1.5708,1.5707999999999898,1.021405182655144e-14,90.00021045914913,5.852220613892871e-13,1.0125557889980458e-13,2.0087606930313806e-06
2.2244694232940674,0.0,1.023739554367896e-06,-1.023739554367896e-06,5.865595578588412e-05,-5.865595578588412e-05,-1.1374883974544012e-05,0.0007143739276260855,1.5708,1.5707999999999898,1.021405182655144e-14,90.00021045914913,5.852220613892871e-13,1.0127536558945244e-13,1.9639011335211825e-06
2.236201047897339,0.0,9.213655985946103e-07,-9.213655985946103e-07,5.27903601880159e-05,-5.27903601880159e-05,-1.0237395577047576e-05,0.0007141425513726133,1.5708,1.5707999999999898,1.021405182655144e-14,90.00021045914913,5.852220613892871e-13,1.0129316005760836e-13,1.9235275299495965e-06
2.249422311782837,0.0,8.292290383990318e-07,-8.292290383990318e-07,4.7511324149956205e-05,-4.7511324149956205e-05,-9.213656019304988e-06,0.0007139343127444821,1.5708,1.5707999999999898,1.021405182655144e-14,90.00021045914913,5.852220613892871e-13,1.0130913848712536e-13,1.8871912867246151e-06
2.2644765377044678,0.0,7.463061342233515e-07,-7.463061342233515e-07,4.276019171572197e-05,-4.276019171572197e-05,-8.292290417340453e-06,0.0007137468979791597,1.5708,1.5707999999999898,1.021405182655144e-14,90.00021045914913,5.852220613892871e-13,1.0132357192854657e-13,1.8544886678141256e-06
2.275815725326538,0.0,6.716755204655457e-07,-6.716755204655457e-07,3.848417252492872e-05,-3.848417252492872e-05,-7.463061375575764e-06,0.0007135782246903657,1.5708,1.5707999999999898,1.021405182655144e-14,90.00021045914913,5.852220613892871e-13,1.0133648748692631e-13,1.8250563107876665e-06
2.2912371158599854,0.0,6.045079680837961e-07,-6.045079680837961e-07,3.463575525323059e-05,-3.463575525323059e-05,-6.716755237990617e-06,0.0007134264187304481,1.5708,1.5707999999999898,1.021405182655144e-14,90.00021045914913,5.852220613892871e-13,1.01348183317862e-13,1.7985671894587972e-06
2.3038322925567627,0.0,5.4405717094047e-07,-5.4405717094047e-07,3.117217970871651e-05,-3.117217970871651e-05,-6.045079714166732e-06,0.0007132897933665201,1.5708,1.5707999999999898,1.021405182655144e-14,90.00021045914913,5.852220613892871e-13,1.0135868652640795e-13,1.7747269802584778e-06
2.315786838531494,0.0,4.896514535116996e-07,-4.896514535116996e-07,2.805496171866662e-05,-2.805496171866662e-05,-5.440571742727722e-06,0.0007131668305389836,1.5708,1.5707999999999898,1.021405182655144e-14,90.00021045914913,5.852220613892871e-13,1.0136813263783573e-13,1.7532707919745714e-06
2.3278908729553223,0.0,4.406863078260072e-07,-4.406863078260072e-07,2.5249465527633235e-05,-2.5249465527633235e-05,-4.896514568434854e-06,0.0007130561639941994,1.5708,1.5707999999999898,1.021405182655144e-14,90.00021045914913,5.852220613892871e-13,1.0137664362488974e-13,1.73396022251637e-06
2.347071409225464,0.0,3.96617676709065e-07,-3.96617676709065e-07,2.2724518955713554e-05,-2.2724518955713554e-05,-4.406863111573279e-06,0.0007129565641038917,1.5708,1.5707999999999898,1.021405182655144e-14,90.00021045914913,5.852220613892871e-13,1.0138430080273292e-13,1.7165807100014483e-06
2.3569931983947754,0.0,3.569559087039798e-07,-3.569559087039798e-07,2.0452067040995168e-05,-2.0452067040995168e-05,-3.966176800399667e-06,0.0007128669242026147,1.5708,1.5707999999999898,1.021405182655144e-14,90.00021045914913,5.852220613892871e-13,1.013911854865282e-13,1.7009391487363107e-06
2.368868350982666,0.0,3.2126031749954964e-07,-3.2126031749954964e-07,1.840686031775702e-05,-1.840686031775702e-05,-3.569559120345047e-06,0.0007127862482914651,1.5708,1.5707999999999898,1.021405182655144e-14,90.00021045914913,5.852220613892871e-13,1.0139741964901999e-13,1.686861743596336e-06
2.3874166011810303,0.0,2.891342854156944e-07,-2.891342854156944e-07,1.6566174266850242e-05,-1.6566174266850242e-05,-3.212603208297347e-06,0.0007127136399714285,1.5708,1.5707999999999898,1.021405182655144e-14,90.00021045914913,5.852220613892871e-13,1.0140297618515398e-13,1.6741920789688118e-06
2.400752305984497,0.0,2.6022085654034346e-07,-2.6022085654034346e-07,1.4909556821040945e-05,-1.4909556821040945e-05,-2.8913428874557435e-06,0.0007126482924833963,1.5708,1.5707999999999898,1.021405182655144e-14,90.00021045914913,5.852220613892871e-13,1.0140801772525604e-13,1.6627893808033544e-06
2.408513307571411,0.0,2.3419877055263442e-07,-2.3419877055263442e-07,1.3418601119818699e-05,-1.3418601119818699e-05,-2.602208598699491e-06,0.0007125894797441663,1.5708,1.5707999999999898,1.021405182655144e-14,90.00021045914913,5.852220613892871e-13,1.0141254426932617e-13,1.652526952453431e-06
2.4201769828796387,0.0,2.1077889316379242e-07,-2.1077889316379242e-07,1.2076740988724185e-05,-1.2076740988724185e-05,-2.3419877388199245e-06,0.0007125365482788601,1.5708,1.5707999999999898,1.021405182655144e-14,90.00021045914913,5.852220613892871e-13,1.0141659647494583e-13,1.6432907669380458e-06
2.435527801513672,0.0,1.8970100351392114e-07,-1.8970100351392114e-07,1.086906687074408e-05,-1.086906687074408e-05,-2.107788964929282e-06,0.0007124889099600838,1.5708,1.5707999999999898,1.021405182655144e-14,90.00021045914913,5.852220613892871e-13,1.0142025565727797e-13,1.6349781999736525e-06
2.4450008869171143,0.0,1.7073090282911493e-07,-1.7073090282911493e-07,9.782160164566452e-06,-9.782160164566452e-06,-1.8970100684285592e-06,0.0007124460354731855,1.5708,1.5707999999999898,1.021405182655144e-14,90.00021045914913,5.852220613892871e-13,1.014235489213769e-13,1.6274968897053063e-06
2.4561569690704346,0.0,1.5365781221285934e-07,-1.5365781221285934e-07,8.803944129010596e-06,-8.803944129010596e-06,-1.7073090615787e-06,0.0007124074484349764,1.5708,1.5707999999999898,1.021405182655144e-14,90.00021045914913,5.852220613892871e-13,1.0142653047735123e-13,1.6207637104634787e-06
2.474142074584961,0.0,1.3829203065829247e-07,-1.3829203065829247e-07,7.923549697013946e-06,-7.923549697013946e-06,-1.5365781554145145e-06,0.0007123727201005882,1.5708,1.5707999999999898,1.021405182655144e-14,90.00021045914913,5.852220613892871e-13,1.0142918677267382e-13,1.6147038491453668e-06
2.4961416721343994,0.0,1.3829203065829247e-07,-1.3829203065829247e-07,7.923549697013946e-06,-7.923549697013946e-06,-1.5365781554145145e-06,0.0007123727201005882,1.5708,1.5707999999999898,1.021405182655144e-14,90.00021045914913,5.852220613892871e-13,1.0142918677267382e-13,1.6147038491453668e-06
2.5041134357452393,0.0,1.2446282725923907e-07,-1.2446282725923907e-07,7.131194708220214e-06,-7.131194708220214e-06,-1.3829203398673873e-06,0.000712341464599639,1.5708,1.5707999999999898,1.021405182655144e-14,90.00021045914913,5.852220613892871e-13,1.0143158556998044e-13,1.609249973959068e-06
2.5153322219848633,0.0,1.1201654420014212e-07,-1.1201654420014212e-07,6.4180752183087834e-06,-6.4180752183087834e-06,-1.2446283058755318e-06,0.0007123133346487844,1.5708,1.5707999999999898,1.021405182655144e-14,90.00021045914913,5.852220613892871e-13,1.0143374042179826e-13,1.6043414862911282e-06
2.524862289428711,0.0,1.0081488944700082e-07,-1.0081488944700082e-07,5.776267677391129e-06,-5.776267677391129e-06,-1.1201654752833877e-06,0.0007122880176930158,1.5708,1.5707999999999898,1.021405182655144e-14,90.00021045914913,5.852220613892871e-13,1.0143569198570873e-13,1.59992384739003e-06
2.5421674251556396,0.0,9.073340016921502e-08,-9.073340016921502e-08,5.19864089056761e-06,-5.19864089056761e-06,-1.0081489277509107e-06,0.000712265232432824,1.5708,1.5707999999999898,1.021405182655144e-14,90.00021045914913,5.852220613892871e-13,1.0143745381423902e-13,1.5959479723788096e-06
2.5535244941711426,0.0,8.166005981924505e-08,-8.166005981924505e-08,4.678776782428577e-06,-4.678776782428577e-06,-9.073340349720899e-07,0.0007122447256986516,1.5708,1.5707999999999898,1.021405182655144e-14,90.00021045914913,5.852220613892871e-13,1.0143901235486197e-13,1.5923696848687008e-06
2.567729949951172,0.0,7.34940535043056e-08,-7.34940535043056e-08,4.210899085105369e-06,-4.210899085105369e-06,-8.166006314715341e-07,0.0007122262696378957,1.5708,1.5707999999999898,1.021405182655144e-14,90.00021045914913,5.852220613892871e-13,1.0144044892274051e-13,1.5891492261094492e-06
2.5773189067840576,0.0,6.614464782089033e-08,-6.614464782089033e-08,3.7898091575162134e-06,-3.7898091575162134e-06,-7.349405683213517e-07,0.0007122096591832156,1.5708,1.5707999999999898,1.021405182655144e-14,90.00021045914913,5.852220613892871e-13,1.0144172286029318e-13,1.5862508132260216e-06
2.5971522331237793,0.0,5.953018270584373e-08,-5.953018270584373e-08,3.4108282226875287e-06,-3.4108282226875287e-06,-6.614465114865094e-07,0.0007121947097740035,1.5708,1.5707999999999898,1.021405182655144e-14,90.00021045914913,5.852220613892871e-13,1.0144287482510145e-13,1.5836422416308892e-06
2.6144232749938965,0.0,5.357716410232618e-08,-5.357716410232618e-08,3.06974538134311e-06,-3.06974538134311e-06,-5.95301860335417e-07,0.0007121812553057131,1.5708,1.5707999999999898,1.021405182655144e-14,90.00021045914913,5.852220613892871e-13,1.0144391836969247e-13,1.5812945271954109e-06
2.6245155334472656,0.0,4.82194473591824e-08,-4.82194473591824e-08,2.7627708241343946e-06,-2.7627708241343946e-06,-5.357716742996764e-07,0.0007121691462842511,1.5708,1.5707999999999898,1.021405182655144e-14,90.00021045914913,5.852220613892871e-13,1.0144483994153908e-13,1.5791815842032076e-06
2.6330151557922363,0.0,4.3397502290372797e-08,-4.3397502290372797e-08,2.4864937226476847e-06,-2.4864937226476847e-06,-4.821945068677247e-07,0.0007121582481649363,1.5708,1.5707999999999898,1.021405182655144e-14,90.00021045914913,5.852220613892871e-13,1.014456666456956e-13,1.5772799355104063e-06
2.645991563796997,0.0,3.905775172846201e-08,-3.905775172846201e-08,2.237844331310669e-06,-2.237844331310669e-06,-4.339750561791633e-07,0.0007121484398575523,1.5708,1.5707999999999898,1.021405182655144e-14,90.00021045914913,5.852220613892871e-13,1.0144641203468918e-13,1.5755684516868012e-06
2.656221866607666,0.0,3.515197622275832e-08,-3.515197622275832e-08,2.014059879108273e-06,-2.014059879108273e-06,-3.905775505596518e-07,0.0007121396123809069,1.5708,1.5707999999999898,1.021405182655144e-14,90.00021045914913,5.852220613892871e-13,1.014471167661013e-13,1.5740281162455398e-06
2.665876865386963,0.0,3.163677826763939e-08,-3.163677826763939e-08,1.8126538721269412e-06,-1.8126538721269412e-06,-3.515197955022379e-07,0.0007121316676519262,1.5708,1.5707999999999898,1.021405182655144e-14,90.00021045914913,5.852220613892871e-13,1.0144769952476901e-13,1.5726418143484002e-06
2.679378032684326,0.0,2.847310010804536e-08,-2.847310010804536e-08,1.6313884658444873e-06,-1.6313884658444873e-06,-3.163678159507266e-07,0.0007121245173958427,1.5708,1.5707999999999898,1.021405182655144e-14,90.00021045914913,5.852220613892871e-13,1.0144828228343672e-13,1.5713941426409524e-06
2.6899585723876953,0.0,2.562578976442242e-08,-2.562578976442242e-08,1.4682496001909487e-06,-1.4682496001909487e-06,-2.847310343544762e-07,0.0007121180821653691,1.5708,1.5707999999999898,1.021405182655144e-14,90.00021045914913,5.852220613892871e-13,1.0144877017441434e-13,1.5702712381044098e-06
2.7026538848876953,0.0,2.306321045517231e-08,-2.306321045517231e-08,1.3214246211033677e-06,-1.3214246211033677e-06,-2.56257930917983e-07,0.0007121122904579414,1.5708,1.5707999999999898,1.021405182655144e-14,90.00021045914913,5.852220613892871e-13,1.0144923096033764e-13,1.5692606240211975e-06
2.71350359916687,0.0,2.0756889076856702e-08,-2.0756889076856702e-08,1.1892821399250884e-06,-1.1892821399250884e-06,-2.306321378252286e-07,0.0007121070779212575,1.5708,1.5707999999999898,1.021405182655144e-14,90.00021045914913,5.852220613892871e-13,1.0144959687857086e-13,1.5683510713464667e-06
2.726515054702759,0.0,1.868119983638116e-08,-1.868119983638116e-08,1.0703539068651245e-06,-1.0703539068651245e-06,-2.0756892404186276e-07,0.0007121023866382418,1.5708,1.5707999999999898,1.021405182655144e-14,90.00021045914913,5.852220613892871e-13,1.0144998990185838e-13,1.567532473939361e-06
2.7455787658691406,0.0,1.68130795199608e-08,-1.68130795199608e-08,9.63318497111594e-07,-9.63318497111594e-07,-1.8681203163691348e-07,0.0007120981644835269,1.5708,1.5707999999999898,1.021405182655144e-14,90.00021045914913,5.852220613892871e-13,1.0145030160998297e-13,1.566795736272632e-06
2.760918140411377,0.0,1.513177123518937e-08,-1.513177123518937e-08,8.669866283338116e-07,-8.669866283338116e-07,-1.6813082847252892e-07,0.0007120943645442845,1.5708,1.5707999999999898,1.021405182655144e-14,90.00021045914913,5.852220613892871e-13,1.0145059976558041e-13,1.5661326723728223e-06
2.7723500728607178,0.0,1.36185937789013e-08,-1.36185937789013e-08,7.802879464341634e-07,-7.802879464341634e-07,-1.5131774562465126e-07,0.000712090944598966,1.5708,1.5707999999999898,1.021405182655144e-14,90.00021045914913,5.852220613892871e-13,1.0145085726359637e-13,1.5655359148629363e-06
2.7992470264434814,0.0,1.2256734068247684e-08,-1.2256734068247684e-08,7.022591327248038e-07,-7.022591327248038e-07,-1.3618597106162302e-07,0.0007120878666481795,1.5708,1.5707999999999898,1.021405182655144e-14,90.00021045914913,5.852220613892871e-13,1.0145107410403087e-13,1.5649988331040707e-06
2.799297571182251,0.0,1.2256734068247684e-08,-1.2256734068247684e-08,7.022591327248038e-07,-7.022591327248038e-07,-1.3618597106162302e-07,0.0007120878666481795,1.5708,1.5707999999999898,1.021405182655144e-14,90.00021045914913,5.852220613892871e-13,1.0145107410403087e-13,1.5649988331040707e-06
2.809619665145874,0.0,1.10310603286644e-08,-1.10310603286644e-08,6.320332003866648e-07,-6.320332003866648e-07,-1.2256737395496402e-07,0.0007120850964924712,1.5708,1.5707999999999898,1.021405182655144e-14,90.00021045914913,5.852220613892871e-13,1.0145130449699252e-13,1.56451545952091e-06
2.825324535369873,0.0,9.927953963044007e-09,-9.927953963044007e-09,5.688298612826013e-07,-5.688298612826013e-07,-1.1031063655900751e-07,0.0007120826033523344,1.5708,1.5707999999999898,1.021405182655144e-14,90.00021045914913,5.852220613892871e-13,1.014514671273184e-13,1.5640804232962043e-06
2.841003894805908,0.0,8.935158233989757e-09,-8.935158233989757e-09,5.119468560891792e-07,-5.119468560891792e-07,-9.927957290269747e-08,0.000712080359526211,1.5708,1.5707999999999898,1.021405182655144e-14,90.00021045914913,5.852220613892871e-13,1.0145164331017142e-13,1.5636888906939913e-06
2.8625779151916504,0.0,8.935158233989757e-09,-8.935158233989757e-09,5.119468560891792e-07,-5.119468560891792e-07,-9.927957290269747e-08,0.000712080359526211,1.5708,1.5707999999999898,1.021405182655144e-14,90.00021045914913,5.852220613892871e-13,1.0145164331017142e-13,1.5636888906939913e-06
2.8661980628967285,0.0,8.041642077844542e-09,-8.041642077844542e-09,4.6075215141530604e-07,-4.6075215141530604e-07,-8.935161561207265e-08,0.0007120783400827,1.5708,1.5707999999999898,1.021405182655144e-14,90.00021045914913,5.852220613892871e-13,1.014518059404973e-13,1.563336511352049e-06
2.8839504718780518,0.0,7.237477537317158e-09,-7.237477537317158e-09,4.146769172090099e-07,-4.146769172090099e-07,-8.041645405053131e-08,0.0007120765225835399,1.5708,1.5707999999999898,1.021405182655144e-14,90.00021045914913,5.852220613892871e-13,1.0145195501829601e-13,1.5630193699441086e-06
2.906468391418457,0.0,6.5137294508454905e-09,-6.5137294508454905e-09,3.73209206423514e-07,-3.73209206423514e-07,-7.237480864517528e-08,0.0007120748868342964,1.5708,1.5707999999999898,1.021405182655144e-14,90.00021045914913,5.852220613892871e-13,1.0145207699104042e-13,1.5627339426773553e-06
2.918203592300415,0.0,5.862356173023639e-09,-5.862356173023639e-09,3.358882667167195e-07,-3.358882667167195e-07,-6.513732778040026e-08,0.000712073414659976,1.5708,1.5707999999999898,1.021405182655144e-14,90.00021045914913,5.852220613892871e-13,1.0145219896378482e-13,1.562477058136828e-06
2.9315102100372314,0.0,5.276120222986417e-09,-5.276120222986417e-09,3.0229942098074447e-07,-3.0229942098074447e-07,-5.862359500211154e-08,0.0007120720897030888,1.5708,1.5707999999999898,1.021405182655144e-14,90.00021045914913,5.852220613892871e-13,1.0145228027894776e-13,1.5622458620505386e-06
2.9493656158447266,0.0,4.7485078679551e-09,-4.7485078679551e-09,2.7206945981849204e-07,-2.7206945981849204e-07,-5.276123550168219e-08,0.0007120708972418899,1.5708,1.5707999999999898,1.021405182655144e-14,90.00021045914913,5.852220613892871e-13,1.0145238869916501e-13,1.5620377855729267e-06
2.958479404449463,0.0,4.273656748428842e-09,-4.273656748428842e-09,2.448624947725753e-07,-2.448624947725753e-07,-4.748511195132288e-08,0.0007120698240268105,1.5708,1.5707999999999898,1.021405182655144e-14,90.00021045914913,5.852220613892871e-13,1.0145247001432794e-13,1.5618505167428978e-06
2.9808220863342285,0.0,3.846290740856982e-09,-3.846290740856982e-09,2.2037622623135168e-07,-2.2037622623135168e-07,-4.273660075601441e-08,0.0007120688581332402,1.5708,1.5707999999999898,1.021405182655144e-14,90.00021045914913,5.852220613892871e-13,1.0145255132949088e-13,1.561681974796149e-06
2.9808685779571533,0.0,3.846290740856982e-09,-3.846290740856982e-09,2.2037622623135168e-07,-2.2037622623135168e-07,-4.273660075601441e-08,0.0007120688581332402,1.5708,1.5707999999999898,1.021405182655144e-14,90.00021045914913,5.852220613892871e-13,1.0145255132949088e-13,1.561681974796149e-06
2.989063024520874,0.0,3.461661334043914e-09,-3.461661334043914e-09,1.983385845443425e-07,-1.983385845443425e-07,-3.846294068025847e-08,0.0007120679888290258,1.5708,1.5707999999999898,1.021405182655144e-14,90.00021045914913,5.852220613892871e-13,1.0145263264465382e-13,1.561530287043808e-06
3.011744976043701,0.0,3.461661334043914e-09,-3.461661334043914e-09,1.983385845443425e-07,-1.983385845443425e-07,-3.846294068025847e-08,0.0007120679888290258,1.5708,1.5707999999999898,1.021405182655144e-14,90.00021045914913,5.852220613892871e-13,1.0145263264465382e-13,1.561530287043808e-06
